n_clusters,cluster_k,cluster_x,cluster_y,cluster_size,label_text,label_score
1,0,-6.079199e-08,-3.2567138e-07,1757,border surveillance,0.5641
2,0,1.3285801,0.24929826,468,border surveillance,0.5641
2,1,-0.48237056,-0.090513706,1289,careers bot,0.5675
3,0,1.1986327,-0.10537431,522,border surveillance,0.5641
3,1,-0.5755526,-0.6483839,784,careers bot,0.582
3,2,-0.38681424,1.2490861,451,cybersecurity alerts,0.6188
4,0,-0.3273103,1.4030629,369,cybersecurity alerts,0.6188
4,1,-0.06236265,-1.0435852,540,careers bot,0.5881
4,2,1.4767599,0.13764352,375,border surveillance,0.5641
4,3,-0.84425324,-0.012285701,473,automated annotations,0.5138
5,0,0.11126572,-0.30955696,435,automated testing,0.458
5,1,-0.31910428,1.3716706,385,cybersecurity alerts,0.6188
5,2,1.65333,0.14303522,310,border surveillance,0.5641
5,3,-1.057552,-0.048810933,354,data annotation,0.5727
5,4,-0.23334953,-1.540287,273,generative chatbot,0.5993
6,0,-0.15976615,-1.3918803,334,generative chatbot,0.5993
6,1,-0.7363763,-0.2077355,519,data annotation,0.5339
6,2,1.2161894,-0.2895532,324,training tool,0.477
6,3,-0.7055972,1.577414,213,land data,0.4898
6,4,-0.26602086,0.7754383,185,automated testing,0.4054
6,5,1.3241855,1.0278689,182,border surveillance,0.5641
7,0,-0.5761292,1.4819293,283,remote sensing,0.4543
7,1,-0.24762669,-1.4258924,324,generative chatbot,0.5993
7,2,-0.23030064,-0.091215394,318,software testing,0.4855
7,3,0.7120235,-0.23839542,252,training tool,0.477
7,4,2.1409037,-0.494302,105,cholerae detection,0.5093
7,5,1.2896957,1.0201643,189,border surveillance,0.5641
7,6,-1.1589726,-0.032254074,286,data annotation,0.5284
8,0,0.32991233,-1.560468,152,generative chatbot,0.5993
8,1,-0.9590782,0.07820217,352,data annotation,0.5727
8,2,1.6520083,0.86874986,118,border surveillance,0.5641
8,3,-0.5780052,1.4618094,288,remote sensing,0.4543
8,4,0.063476324,-0.4605686,364,coding assistant,0.5378
8,5,-1.0439259,-1.3286679,151,translations initiative,0.5319
8,6,0.6840017,0.5839594,201,fitness application,0.4953
8,7,1.954354,-0.48053578,131,cholerae detection,0.4424
9,0,0.64624685,-0.34732917,244,generative assistant,0.4984
9,1,-0.27423203,-0.18314396,315,software testing,0.4855
9,2,-0.5792466,1.4645483,287,remote sensing,0.4543
9,3,1.6520083,0.86874986,118,border surveillance,0.5641
9,4,-1.0495839,-1.1639179,192,data translation,0.5624
9,5,0.66910946,0.9811274,111,cybersecurity alerts,0.5801
9,6,0.2585973,-1.5177319,168,generative chatbot,0.5993
9,7,-1.1339846,0.19464138,215,trade analytics,0.5826
9,8,2.12726,-0.49253827,107,cholerae detection,0.4347
10,0,0.27584222,-0.4872488,316,generative assistant,0.525
10,1,-0.2668071,0.29984012,157,software testing,0.4792
10,2,1.6520083,0.86874986,118,border surveillance,0.5641
10,3,-1.0550956,-1.5988445,104,translation service,0.5216
10,4,-0.60162103,1.5092236,269,remote sensing,0.4543
10,5,-1.1970284,0.35355455,138,risk modeling,0.5399
10,6,2.0868256,-0.4965169,112,cholerae detection,0.4347
10,7,0.7844522,0.68827736,161,cybersecurity alerts,0.5798
10,8,0.29935744,-1.571643,151,generative chatbot,0.5993
10,9,-0.90338886,-0.44153166,231,data annotation,0.5339
11,0,-0.2089983,-0.3256257,234,predict equipment,0.4443
11,1,0.5778853,1.3038446,88,cybersecurity alerts,0.5888
11,2,2.134066,-0.49438214,106,cholerae detection,0.5093
11,3,-0.98274976,0.40799412,183,trade analytics,0.5826
11,4,-0.6129194,1.4779416,268,remote sensing,0.4543
11,5,-1.0550956,-1.5988445,104,translation service,0.5216
11,6,0.7501229,-0.02532132,198,fitness application,0.4953
11,7,1.6520083,0.86874986,118,border surveillance,0.5641
11,8,-1.0077688,-0.36823273,196,automated annotations,0.588
11,9,0.34017074,-1.6490489,129,generative chatbot,0.5993
11,10,0.26958987,-0.77599525,133,generative assistant,0.5397
12,0,0.5562197,-0.58834,130,generative assistant,0.5397
12,1,-0.8195209,1.6036799,158,predict soil,0.4579
12,2,-0.105004646,-0.23391166,237,automated testing,0.4318
12,3,-0.9357684,-0.5272821,185,data annotation,0.5339
12,4,1.3241855,1.0278689,182,border surveillance,0.5641
12,5,2.134066,-0.49438214,106,cholerae detection,0.5093
12,6,0.261949,-1.5190753,167,generative chatbot,0.5993
12,7,-1.0479547,-1.6331767,98,translation service,0.5216
12,8,-1.4932935,0.3224847,73,risk modeling,0.5399
12,9,0.81160355,0.117663495,132,health data,0.4734
12,10,-0.25955197,1.2720985,138,geoseismic detection,0.4525
12,11,-0.76412517,0.26843175,151,trade analytics,0.5826
13,0,-0.27648216,0.2860675,171,code automation,0.4939
13,1,0.25323954,-0.4328402,182,generative assistant,0.525
13,2,1.6520083,0.86874986,118,border surveillance,0.5641
13,3,-0.6413987,1.5163379,253,remote sensing,0.4543
13,4,-0.3628652,-0.6762196,162,entity identification,0.4519
13,5,2.5806582,-0.5855841,55,medical device,0.5488
13,6,-1.2087466,0.3753879,130,risk modeling,0.5399
13,7,1.1213864,-0.19306654,195,personalized fitness,0.5158
13,8,0.33616823,-1.6018016,141,generative chatbot,0.5993
13,9,-1.1185681,-0.3447658,148,automated annotations,0.588
13,10,-1.5590012,-2.607607,16,microsoft copilot,0.5651
13,11,0.55686456,1.2423844,96,cybersecurity alerts,0.5801
13,12,-0.9614031,-1.4039191,90,translation service,0.5216
14,0,1.3784919,-0.27891266,113,autism spectrum,0.4306
14,1,-0.9517181,0.20506494,205,trade analytics,0.5826
14,2,0.32401276,-1.5894401,145,generative chatbot,0.5993
14,3,-0.12187918,0.4160059,113,automated testing,0.4318
14,4,-0.25638574,-0.51950735,246,entity identification,0.4519
14,5,-0.9183764,-1.3342582,105,translations initiative,0.5319
14,6,2.5806582,-0.5855841,55,medical device,0.5488
14,7,0.6903936,1.0504332,99,cybersecurity alerts,0.5801
14,8,1.6520083,0.86874986,118,border surveillance,0.5641
14,9,-0.9351435,1.6728935,96,groundwater modeling,0.4836
14,10,-1.446048,-0.3493095,98,automated document,0.5909
14,11,-1.5590012,-2.607607,16,microsoft copilot,0.5651
14,12,0.5038091,-0.35522315,176,personalized training,0.4844
14,13,-0.41766658,1.4209975,172,remote sensing,0.4543
15,0,-0.9500008,-1.410164,90,translations initiative,0.5319
15,1,0.6180945,0.028843222,145,fitness application,0.4953
15,2,-0.67303735,1.5223411,240,remote sensing,0.4543
15,3,0.07938823,-0.6219317,205,summarizing documents,0.5323
15,4,1.6520083,0.86874986,118,border surveillance,0.5641
15,5,-0.6739066,-0.4744614,162,data annotation,0.5339
15,6,2.5806582,-0.5855841,55,medical device,0.5488
15,7,0.4767644,-1.4316385,75,generative chatbot,0.6665
15,8,-1.0704867,0.32896677,136,risk monitoring,0.4496
15,9,0.4527667,1.29393,108,cybersecurity alerts,0.5888
15,10,-0.28865182,0.24813461,154,data entry,0.46
15,11,1.3817,-0.36814457,110,health data,0.419
15,12,0.18557414,-1.7916334,66,chatbot assistant,0.6179
15,13,-1.5590012,-2.607607,16,microsoft copilot,0.5651
15,14,-1.5646505,-0.3043504,77,document processing,0.5975
16,0,0.05121864,-0.6709849,193,summarizing documents,0.5323
16,1,-0.68567765,1.5707564,221,land data,0.4898
16,2,0.5778853,1.3038446,88,cybersecurity alerts,0.5888
16,3,-0.6833417,-0.33015448,170,data annotation,0.5339
16,4,1.3838226,-0.37186134,109,health data,0.419
16,5,0.6706717,-0.000672122,131,health data,0.4734
16,6,-1.3181072,-2.0707161,35,microsoft copilot,0.5651
16,7,1.6520083,0.86874986,118,border surveillance,0.5641
16,8,0.18557414,-1.7916334,66,chatbot assistant,0.6179
16,9,-0.04862127,0.073166564,112,automated testing,0.4318
16,10,-1.0715574,0.3542477,130,trade analytics,0.4663
16,11,0.4767644,-1.4316385,75,generative chatbot,0.6665
16,12,-1.5646505,-0.3043504,77,document processing,0.5975
16,13,2.5806582,-0.5855841,55,medical device,0.5488
16,14,-0.32877457,0.79629135,90,automated tools,0.3873
16,15,-0.8696531,-1.2680056,87,translations initiative,0.5319
17,0,0.3402248,-1.6456475,130,generative chatbot,0.5993
17,1,-0.8057113,1.6123507,162,predict soil,0.4579
17,2,0.8688634,0.07576098,102,personalized fitness,0.5112
17,3,0.3362989,-0.29836485,121,code generation,0.519
17,4,-1.0681155,0.35780945,136,trade analytics,0.5826
17,5,1.6520083,0.86874986,118,border surveillance,0.5641
17,6,1.4379464,-0.4392198,86,pandemic vulnerability,0.459
17,7,-1.4839693,-0.33791342,90,automated document,0.5909
17,8,0.6661475,1.2702246,75,cybersecurity alerts,0.5888
17,9,-0.96347636,-1.4154332,88,translation service,0.5216
17,10,-0.27851605,1.3464001,109,remote sensing,0.4543
17,11,-0.5421902,-0.7197739,88,radiation data,0.4782
17,12,2.5806582,-0.5855841,55,medical device,0.5488
17,13,-1.5590012,-2.607607,16,microsoft copilot,0.5651
17,14,-0.58419985,-0.19280215,132,data entry,0.5079
17,15,-0.17263205,0.37655476,118,automated testing,0.4318
17,16,0.08083098,-0.771474,131,review tool,0.5008
18,0,1.4285587,-0.3288025,100,autism spectrum,0.463
18,1,-0.68699074,-0.22489527,128,entities detecting,0.47
18,2,-0.32251075,1.41324,138,remote sensing,0.4543
18,3,0.33993995,-1.6373609,132,generative chatbot,0.5993
18,4,-0.031983983,-0.2681345,107,information retrieval,0.5241
18,5,1.5432829,1.0054227,74,intrusive inspection,0.5037
18,6,-1.0479547,-1.6331767,98,translation service,0.5216
18,7,-0.2720627,0.41570085,97,cbp data,0.4519
18,8,-1.331057,-0.5332034,88,automated document,0.5909
18,9,0.55530405,-0.4968887,116,code assist,0.4989
18,10,2.5806582,-0.5855841,55,medical device,0.5488
18,11,-0.87501514,1.6009872,133,groundwater data,0.509
18,12,-1.8424813,0.40045378,22,occupation autocoder,0.6554
18,13,0.68983805,1.3150215,69,cybersecurity alerts,0.5888
18,14,-0.20095366,-0.81225467,141,unstructured reports,0.5051
18,15,0.61079836,0.25541398,95,fitness application,0.4953
18,16,-1.060907,0.36025792,120,risk monitoring,0.4496
18,17,1.8348645,0.6388908,44,border security,0.4931
19,0,2.5806582,-0.5855841,55,medical device,0.5488
19,1,-0.67448384,-0.16514671,125,text analytics,0.578
19,2,-0.7136158,1.5805985,209,land data,0.4898
19,3,0.47180554,-0.5020148,121,code assist,0.4989
19,4,0.6919867,0.15752529,93,personalized fitness,0.4441
19,5,-1.0479547,-1.6331767,98,translation service,0.5216
19,6,1.8348645,0.6388908,44,border security,0.4931
19,7,0.3371319,-1.6057513,140,generative chatbot,0.5993
19,8,-1.0759807,0.3823879,122,trade analytics,0.5826
19,9,0.5503592,1.0429009,28,cybersecurity threat,0.563
19,10,1.4244943,-0.3301592,101,autism spectrum,0.4927
19,11,-0.28530258,1.0053478,75,learning machine,0.422
19,12,-0.76756495,-0.7093754,76,asylum program,0.4589
19,13,-1.4537982,-0.46631312,62,automated document,0.5909
19,14,1.5432829,1.0054227,74,intrusive inspection,0.5037
19,15,-0.11112735,-0.69015807,140,document review,0.5532
19,16,-1.9666725,0.31393862,16,occupation autocoder,0.6554
19,17,-0.13595054,0.1737709,117,automated testing,0.4318
19,18,0.5807441,1.4283116,61,cybersecurity alerts,0.5888
20,0,0.6611783,-0.034830876,137,health data,0.4734
20,1,-0.732693,-0.23185351,137,entities detecting,0.47
20,2,-0.8775445,1.599777,132,groundwater modeling,0.508
20,3,1.8348645,0.6388908,44,border security,0.4931
20,4,0.041101106,-0.67096925,180,summarizing documents,0.5323
20,5,0.18557414,-1.7916334,66,chatbot assistant,0.6179
20,6,0.68983805,1.3150215,69,cybersecurity alerts,0.5888
20,7,-1.5590012,-2.607607,16,microsoft copilot,0.5651
20,8,2.5806582,-0.5855841,55,medical device,0.5488
20,9,-1.1353655,-1.4124385,58,voice generated,0.5619
20,10,-1.631776,0.3298531,37,occupation autocoder,0.6554
20,11,-1.4199334,-0.47334996,68,automated document,0.5909
20,12,-0.1318534,0.60536593,74,predict lightning,0.4436
20,13,-0.089074746,-0.034157712,102,automated testing,0.4318
20,14,-0.33023852,1.4420418,131,remote sensing,0.4543
20,15,1.3817,-0.36814457,110,health data,0.419
20,16,0.4767644,-1.4316385,75,generative chatbot,0.6665
20,17,1.5432829,1.0054227,74,intrusive inspection,0.5037
20,18,-0.59797525,-1.0663916,76,translations initiative,0.5319
20,19,-0.9564878,0.39366823,116,trade analytics,0.5826
21,0,2.5806582,-0.5855841,55,medical device,0.5488
21,1,0.25704297,-0.739215,89,generative assistant,0.5397
21,2,-0.9738334,0.34861296,90,trade analytics,0.5826
21,3,1.6520083,0.86874986,118,border surveillance,0.5641
21,4,-0.6872035,-0.19922793,127,scanned financial,0.5346
21,5,-0.8012343,1.6040853,166,predict soil,0.4579
21,6,-0.6140275,-1.4060413,32,translations initiative,0.5319
21,7,1.1106725,0.013916526,50,health data,0.5055
21,8,0.68983805,1.3150215,69,cybersecurity alerts,0.5888
21,9,0.3402248,-1.6456475,130,generative chatbot,0.5993
21,10,0.0076757497,-0.2698873,112,analyzes keywords,0.4585
21,11,-1.5099682,0.41075653,53,occupation autocoder,0.5218
21,12,-0.38397583,-0.7977382,108,operating reporter,0.497
21,13,-1.3720089,-0.477805,77,automated document,0.5909
21,14,-1.1353655,-1.4124385,58,voice generated,0.5619
21,15,-0.2655105,1.3493356,105,remote sensing,0.4543
21,16,-0.2596234,0.41423103,95,business intelligence,0.4583
21,17,-1.5590012,-2.607607,16,microsoft copilot,0.5651
21,18,1.6103203,-0.41057497,57,cholerae detection,0.4347
21,19,0.7798047,-0.43305925,76,entity recognition,0.5053
21,20,0.5274211,0.28321916,74,software code,0.5002
22,0,-1.5571972,0.5244316,40,budget officers,0.4642
22,1,0.50552684,-0.5084083,112,code assist,0.4989
22,2,-0.96347636,-1.4154332,88,translation service,0.5216
22,3,2.5806582,-0.5855841,55,medical device,0.5488
22,4,1.8348645,0.6388908,44,border security,0.4931
22,5,-0.68077564,-0.15574671,105,text analytics,0.578
22,6,-0.86960196,1.5984751,136,groundwater data,0.509
22,7,0.47792402,-1.4433141,72,generative chatbot,0.6665
22,8,0.68983805,1.3150215,69,cybersecurity alerts,0.5888
22,9,-1.3880175,-0.4723975,74,automated document,0.5909
22,10,1.0831163,-0.09583695,59,health data,0.455
22,11,-0.31967518,1.4081767,136,remote sensing,0.4543
22,12,-0.053789955,-0.87615085,71,summarize documents,0.4729
22,13,1.5432829,1.0054227,74,intrusive inspection,0.5037
22,14,0.18679611,-1.7881966,67,chatbot assistant,0.6179
22,15,-0.26012596,0.38086036,107,cbp data,0.4519
22,16,-0.08865364,-0.37261817,114,document review,0.5643
22,17,-1.5590012,-2.607607,16,microsoft copilot,0.5651
22,18,1.5510687,-0.4351225,65,cholerae detection,0.4347
22,19,-0.6359132,-0.71098703,67,asylum program,0.4589
22,20,-1.0355074,0.29204008,103,protection analytics,0.4479
22,21,0.557066,0.27424443,83,fitness application,0.4953
23,0,-0.24290927,0.355868,116,cbp data,0.4519
23,1,1.0184643,-0.33686817,90,health data,0.455
23,2,-0.59757787,-0.70732373,78,operating reporter,0.4582
23,3,-1.044814,1.5865716,46,forecast water,0.6381
23,4,1.5432829,1.0054227,74,intrusive inspection,0.5037
23,5,0.60586524,-1.492259,43,generative chatbot,0.6665
23,6,-1.07204,0.36682376,114,risk monitoring,0.4496
23,7,2.5806582,-0.5855841,55,medical device,0.5488
23,8,0.3346199,-0.29217434,113,code generation,0.519
23,9,-0.96347636,-1.4154332,88,translation service,0.5216
23,10,-0.2468742,1.494572,88,sensing datasets,0.4983
23,11,0.68983805,1.3150215,69,cybersecurity alerts,0.5888
23,12,0.003097047,-0.7245595,153,review tool,0.569
23,13,-1.5590012,-2.607607,16,microsoft copilot,0.5651
23,14,-1.3880175,-0.4723975,74,automated document,0.5909
23,15,0.21030192,-1.7144364,88,chatbot assistant,0.6179
23,16,0.6489737,0.32027674,74,fitness application,0.4953
23,17,-0.6681594,-0.16198957,122,text analytics,0.578
23,18,1.8348645,0.6388908,44,border security,0.4931
23,19,1.6477034,-0.3941244,52,cholerae detection,0.4347
23,20,-0.598628,1.2184292,73,forecast tool,0.4141
23,21,-1.8634384,0.3911269,21,occupation autocoder,0.6554
23,22,-0.7440152,1.7634784,66,species workflows,0.4818
24,0,0.8811435,-0.5193064,55,text analytics,0.5058
24,1,-1.04583,0.33276677,119,trade analytics,0.5196
24,2,-0.28581846,1.5008829,109,geoseismic detection,0.4559
24,3,-0.43262705,-0.8702177,82,summarize documents,0.4892
24,4,0.19530788,-1.7678089,73,chatbot assistant,0.6179
24,5,1.6520083,0.86874986,118,border surveillance,0.5641
24,6,0.54855627,0.27187377,81,software code,0.5002
24,7,2.5806582,-0.5855841,55,medical device,0.5488
24,8,-1.1353655,-1.4124385,58,voice generated,0.5619
24,9,-1.3662568,-0.47958452,78,automated document,0.5909
24,10,0.68983805,1.3150215,69,cybersecurity alerts,0.5888
24,11,0.31647807,-0.65852267,91,generative assistant,0.5397
24,12,-0.9327162,1.7149066,87,groundwater data,0.5649
24,13,0.00040432715,-0.05345034,78,data entry,0.4543
24,14,1.6415889,-0.39562574,53,cholerae detection,0.4347
24,15,-0.2789805,0.53528416,83,assessment tool,0.416
24,16,-1.5590012,-2.607607,16,microsoft copilot,0.5651
24,17,-0.7029613,1.2922616,69,rainfall prediction,0.5193
24,18,-1.7597822,0.4314632,26,occupation autocoder,0.5218
24,19,-0.67865413,-0.20144847,119,scanned financial,0.5346
24,20,-0.63115716,-1.4212229,30,translation service,0.5216
24,21,1.0703857,-0.04624756,56,personalized fitness,0.5158
24,22,0.5119697,-1.4635197,61,generative chatbot,0.6665
24,23,-0.13110979,-0.5133216,91,document review,0.5532
25,0,-0.9104763,1.619972,113,groundwater modeling,0.4836
25,1,0.56847566,-0.4018396,103,code generation,0.519
25,2,-0.007643783,-1.0133982,57,summarize documents,0.4729
25,3,1.8348645,0.6388908,44,border security,0.4931
25,4,-0.94122165,0.032156315,96,trade analytics,0.5135
25,5,0.7146658,1.3195112,65,cybersecurity alerts,0.5888
25,6,-0.59583676,-0.5398425,116,predict equipment,0.4473
25,7,2.5806582,-0.5855841,55,medical device,0.5488
25,8,-1.5590012,-2.607607,16,microsoft copilot,0.5651
25,9,1.1446685,-0.23486596,55,health data,0.455
25,10,0.34248972,-1.6555504,127,generative chatbot,0.5993
25,11,-1.3880175,-0.4723975,74,automated document,0.5909
25,12,-1.139123,-1.409629,57,voice generated,0.5619
25,13,-0.36338338,0.11347941,89,data entry,0.46
25,14,-0.46816778,1.5356953,98,monitoring landscape,0.5008
25,15,0.7318653,0.2487442,61,personalized fitness,0.5162
25,16,-0.3878191,0.9201733,46,forecast tool,0.4141
25,17,1.5432829,1.0054227,74,intrusive inspection,0.5037
25,18,0.021579755,-0.4909286,144,review tool,0.569
25,19,1.6337146,-0.39950946,54,cholerae detection,0.4347
25,20,-1.9666725,0.31393862,16,occupation autocoder,0.6554
25,21,-1.1347117,0.4992715,73,risk modeling,0.5399
25,22,0.019644933,0.4553884,56,automated testing,0.4609
25,23,-0.6405131,-1.4261051,31,translation service,0.5216
25,24,0.005259015,1.3827875,37,technology coralnet,0.5767
26,0,-1.4680192,0.41067636,61,risk modeling,0.5399
26,1,0.5490218,-0.55112565,89,exploratory initiative,0.4683
26,2,0.46489507,0.62711763,20,cybersecurity data,0.5114
26,3,-0.63769317,-1.2064707,52,translations initiative,0.5319
26,4,-0.39546528,0.9263945,47,forecast tool,0.4141
26,5,1.5432829,1.0054227,74,intrusive inspection,0.5037
26,6,-0.73935366,-0.21925288,135,document intelligence,0.5797
26,7,2.5806582,-0.5855841,55,medical device,0.5488
26,8,0.058919325,-0.9101376,74,tools fema,0.4842
26,9,1.113666,-0.24443223,62,health data,0.455
26,10,0.507402,-1.5061423,63,generative chatbot,0.6665
26,11,0.20223711,-0.124527805,83,software code,0.5002
26,12,-0.5384482,1.5057472,113,land data,0.4715
26,13,0.71689904,1.3459245,61,cybersecurity alerts,0.5888
26,14,-1.4312619,-0.4735397,66,automated document,0.5909
26,15,-1.1353655,-1.4124385,58,voice generated,0.5619
26,16,-1.5590012,-2.607607,16,microsoft copilot,0.5651
26,17,-0.28042296,-0.5629102,111,radiation data,0.4782
26,18,1.6477034,-0.3941244,52,cholerae detection,0.4347
26,19,-0.9481179,1.6838685,90,groundwater modeling,0.4836
26,20,-0.9382895,0.34276944,80,trade analytics,0.5826
26,21,-0.23247825,0.29514906,88,business intelligence,0.4583
26,22,0.18272409,-1.7934583,65,chatbot assistant,0.6179
26,23,0.7809241,0.24095763,54,personalized fitness,0.494
26,24,-0.033206128,1.4072074,44,technology coralnet,0.5258
26,25,1.8348645,0.6388908,44,border security,0.4931
27,0,-0.30564937,0.123518586,82,data entry,0.4543
27,1,2.5806582,-0.5855841,55,medical device,0.5488
27,2,-0.9477589,1.7020007,87,groundwater modeling,0.4836
27,3,0.18679611,-1.7881966,67,chatbot assistant,0.6179
27,4,0.81580937,0.22013888,61,personalized fitness,0.4782
27,5,-1.4312619,-0.4735397,66,automated document,0.5909
27,6,1.6520083,0.86874986,118,border surveillance,0.5641
27,7,0.8723968,-0.48521778,73,healthcare documentation,0.5043
27,8,0.7146658,1.3195112,65,cybersecurity alerts,0.5888
27,9,-0.5991152,-0.7680629,55,servicenow predictive,0.5222
27,10,-1.1353655,-1.4124385,58,voice generated,0.5619
27,11,-1.4330775,0.31433958,43,risk classification,0.4456
27,12,1.531079,-0.30658913,74,health data,0.4632
27,13,0.09815241,-0.86365485,92,resilience resource,0.5349
27,14,-0.53325593,1.5074937,115,land data,0.4715
27,15,0.5085293,-1.4982495,62,generative chatbot,0.6665
27,16,-0.3122221,0.76480275,61,automated damage,0.4101
27,17,-1.5590012,-2.607607,16,microsoft copilot,0.5651
27,18,-0.76542497,-0.24292925,102,text analytics,0.5732
27,19,-0.19357677,-0.4883749,80,document review,0.5643
27,20,-1.0317248,0.7604276,36,budget execution,0.4578
27,21,-0.60428584,-1.3972907,33,translations initiative,0.5319
27,22,-0.9573483,0.24489103,72,trade analytics,0.5826
27,23,-2.4162917,0.49893647,5,occupation autocoder,0.6554
27,24,-0.03515555,1.3873671,44,remote sensing,0.5333
27,25,0.29203585,-0.26801583,101,code generation,0.519
27,26,0.24339075,0.43092957,34,software testing,0.444
28,0,-0.2349634,0.6676928,57,automated damage,0.4101
28,1,0.5434762,-0.59988254,75,provides automated,0.4627
28,2,1.8348645,0.6388908,44,border security,0.4931
28,3,-0.7140063,-0.66608155,78,asylum program,0.4589
28,4,1.6415889,-0.39562574,53,cholerae detection,0.4347
28,5,0.18272409,-1.7934583,65,chatbot assistant,0.6179
28,6,-0.9413576,1.7118214,86,groundwater data,0.5649
28,7,-0.62275374,-1.414052,31,machine translation,0.5253
28,8,0.6875572,0.33135238,66,spectrum visualizations,0.421
28,9,-1.2164574,0.30206424,58,risk assessment,0.5687
28,10,0.68983805,1.3150215,69,cybersecurity alerts,0.5888
28,11,-0.2837374,1.5189724,104,satellite imagery,0.5139
28,12,-0.045239802,-0.5963,106,review tool,0.569
28,13,-1.1353655,-1.4124385,58,voice generated,0.5619
28,14,1.0681614,-0.23892249,71,health data,0.455
28,15,-0.29879928,0.23775123,62,trade analytics,0.5284
28,16,0.507402,-1.5061423,63,generative chatbot,0.6665
28,17,2.5806582,-0.5855841,55,medical device,0.5488
28,18,-1.4537982,-0.46631312,62,automated document,0.5909
28,19,-1.5590012,-2.607607,16,microsoft copilot,0.5651
28,20,0.25205714,-0.10462244,78,software code,0.5002
28,21,1.5432829,1.0054227,74,intrusive inspection,0.5037
28,22,-0.6836757,1.310357,70,rainfall prediction,0.5193
28,23,-0.42856124,-0.19537361,73,classify documents,0.5305
28,24,-1.9666725,0.31393862,16,occupation autocoder,0.6554
28,25,-0.03614659,-1.0519804,45,semantic search,0.5213
28,26,-0.86056995,-0.07021218,78,text analytics,0.5842
28,27,-0.99855906,0.5910725,44,disaster response,0.4087
29,0,-0.09072321,0.2208739,71,automated testing,0.4318
29,1,0.005730551,-0.9847345,57,summarize documents,0.5443
29,2,-0.7467414,1.3299987,56,predictive analytics,0.4712
29,3,2.5806582,-0.5855841,55,medical device,0.5488
29,4,1.8348645,0.6388908,44,border security,0.4931
29,5,-1.3425088,-0.48792675,69,automated document,0.5909
29,6,1.0101348,-0.28063342,86,health data,0.455
29,7,-1.1353655,-1.4124385,58,voice generated,0.5619
29,8,-1.1000972,0.20905715,78,risk monitoring,0.421
29,9,0.5176868,-1.5018259,60,generative chatbot,0.6665
29,10,-0.679577,-0.16512097,104,text analytics,0.578
29,11,0.7146658,1.3195112,65,cybersecurity alerts,0.5888
29,12,0.228802,-0.18099906,73,development tool,0.5241
29,13,-1.5590012,-2.607607,16,microsoft copilot,0.5651
29,14,0.69806564,0.32189223,67,spectrum visualizations,0.4606
29,15,-1.9330533,0.14213254,22,occupation autocoder,0.6554
29,16,1.5432829,1.0054227,74,intrusive inspection,0.5037
29,17,-0.42436498,1.5833709,76,monitoring bird,0.4654
29,18,0.18797329,-1.7845912,68,chatbot assistant,0.6179
29,19,-0.16957986,-0.51429224,90,document review,0.5532
29,20,1.6415889,-0.39562574,53,cholerae detection,0.4347
29,21,-0.5750335,0.43867967,52,trade analytics,0.5826
29,22,-0.62275374,-1.414052,31,machine translation,0.5253
29,23,-0.30875835,0.89627224,43,satellite imagery,0.4507
29,24,-0.9471524,1.7167774,83,groundwater data,0.5649
29,25,0.43649504,-0.6424321,74,workflows assisting,0.5168
29,26,-0.63129437,-0.7300931,63,servicenow predictive,0.5222
29,27,-0.0025307857,1.3818136,38,technology coralnet,0.5767
29,28,-1.2248061,0.64911765,31,disaster response,0.4471
30,0,1.6415889,-0.39562574,53,cholerae detection,0.4347
30,1,-0.55119085,-0.088778436,73,entity recognition,0.4826
30,2,0.507402,-1.5061423,63,generative chatbot,0.6665
30,3,-1.196085,-1.3637949,42,video editors,0.6537
30,4,-0.06318605,1.2919989,51,imagery machine,0.4747
30,5,0.36710578,-0.62042737,64,workflows assisting,0.5168
30,6,1.5432829,1.0054227,74,intrusive inspection,0.5037
30,7,-0.7097579,1.2619612,62,rainfall prediction,0.5193
30,8,-1.8424813,0.40045378,22,occupation autocoder,0.6554
30,9,2.5806582,-0.5855841,55,medical device,0.5488
30,10,0.69107425,0.24320054,53,personalized fitness,0.5162
30,11,-0.6047893,-0.7340001,60,servicenow predictive,0.5222
30,12,0.71772206,1.352413,60,cybersecurity alerts,0.5888
30,13,-1.5590012,-2.607607,16,microsoft copilot,0.5651
30,14,-1.0656602,0.3696785,112,risk monitoring,0.4496
30,15,-0.06641419,0.21696962,62,automated testing,0.4318
30,16,-1.5121758,-0.49671564,50,document processing,0.5975
30,17,-0.75109446,-1.4625813,46,translation service,0.5216
30,18,-0.9471524,1.7167774,83,groundwater data,0.5649
30,19,1.8348645,0.6388908,44,border security,0.4931
30,20,0.8745917,-0.47639656,63,entity recognition,0.5053
30,21,-0.35155913,0.5539515,52,business intelligence,0.4804
30,22,0.19125421,-0.20518059,70,coding assistant,0.5107
30,23,0.18272409,-1.7934583,65,chatbot assistant,0.6179
30,24,-0.97329664,-0.28655723,78,text analytics,0.5842
30,25,-0.4395623,1.5824903,81,monitoring bird,0.4654
30,26,-0.18580896,-0.5085855,82,document review,0.5643
30,27,-0.006914377,-0.97603667,61,summarize documents,0.4729
30,28,0.47422642,0.72020733,16,cybersecurity data,0.4891
30,29,1.1406957,-0.03181751,44,health data,0.4867
31,0,-1.9330533,0.14213254,22,occupation autocoder,0.6554
31,1,1.6415889,-0.39562574,53,cholerae detection,0.4347
31,2,0.24339075,0.43092957,34,software testing,0.444
31,3,0.18557414,-1.7916334,66,chatbot assistant,0.6179
31,4,-0.030617354,1.3825135,43,technology coralnet,0.5689
31,5,1.7243346,1.0196183,28,intrusive inspection,0.5037
31,6,-0.6289663,-0.24484695,108,entities detecting,0.47
31,7,-0.94611305,1.7066567,86,groundwater modeling,0.4836
31,8,0.04733204,-0.6468915,101,review tool,0.569
31,9,-1.5590012,-2.607607,16,microsoft copilot,0.5651
31,10,-1.1353655,-1.4124385,58,voice generated,0.5619
31,11,2.5806582,-0.5855841,55,medical device,0.5488
31,12,0.7146658,1.3195112,65,cybersecurity alerts,0.5888
31,13,-1.0134313,0.11648011,73,random forest,0.4092
31,14,0.7696426,0.25625342,52,personalized fitness,0.5162
31,15,-1.320736,-0.4951423,73,automated document,0.5909
31,16,0.6761497,-1.5383008,33,generative chatbot,0.6665
31,17,-0.45065144,1.5828993,79,monitoring bird,0.4654
31,18,0.8740664,-0.6390247,45,clinical documentation,0.4973
31,19,-0.31173658,0.19859204,66,cbp data,0.4519
31,20,-0.63115716,-1.4212229,30,translation service,0.5216
31,21,0.29676297,-1.3490208,43,chatbot project,0.5838
31,22,1.1312766,-0.11242533,44,health data,0.455
31,23,1.8348645,0.6388908,44,border security,0.4931
31,24,1.4330775,0.9967819,46,maritime surveillance,0.5904
31,25,-0.70002025,1.2499058,58,rainfall prediction,0.5193
31,26,-1.1242045,0.5207245,68,risk modeling,0.5399
31,27,0.48226482,-0.27893415,75,code generation,0.519
31,28,-0.27010545,0.7009153,50,automated damage,0.4101
31,29,0.0070506716,-0.23295751,57,reference screening,0.444
31,30,-0.42349052,-0.84782785,86,summarize documents,0.4888
32,0,-0.9113514,-0.2333358,64,text analytics,0.5842
32,1,1.5432829,1.0054227,74,intrusive inspection,0.5037
32,2,0.19914722,-0.7696886,67,tools fema,0.5068
32,3,-0.55915135,1.4406488,128,snowfall monitoring,0.5293
32,4,1.6415889,-0.39562574,53,cholerae detection,0.4347
32,5,-0.28698385,-1.1854583,42,translation tool,0.5233
32,6,-1.4463335,-0.47503623,63,document processing,0.5975
32,7,-1.040994,-1.4035872,75,automatic translation,0.546
32,8,-0.163103,0.14001006,52,cbp data,0.4407
32,9,0.69667804,-1.5303665,30,generative chatbot,0.6665
32,10,0.89436805,-0.37534472,52,health data,0.455
32,11,0.7086903,1.3184376,66,cybersecurity alerts,0.5888
32,12,2.5806582,-0.5855841,55,medical device,0.5488
32,13,-1.2156731,0.6783976,31,disaster response,0.4471
32,14,0.7696426,0.25625342,52,personalized fitness,0.5162
32,15,-1.5590012,-2.607607,16,microsoft copilot,0.5651
32,16,-0.16755542,-0.5455157,73,document review,0.5532
32,17,-0.67218274,0.40425315,39,trade analytics,0.5826
32,18,-0.6460508,-0.7286249,58,servicenow predictive,0.5222
32,19,-1.1128311,0.24218556,71,risk classification,0.4846
32,20,-0.06408257,1.4057239,48,remote sensing,0.5333
32,21,-1.9666725,0.31393862,16,occupation autocoder,0.6554
32,22,1.8348645,0.6388908,44,border security,0.4931
32,23,0.2768577,-1.5368427,55,chatbot assistant,0.5646
32,24,-0.9442831,1.7025421,88,groundwater modeling,0.4836
32,25,0.28864723,0.43539107,29,software testing,0.444
32,26,0.26486304,-0.19644585,76,code development,0.5547
32,27,-0.24606289,0.6853922,50,detection project,0.4096
32,28,0.18003795,-1.8554852,45,assistance chatbot,0.6087
32,29,1.2078304,-0.07194635,32,vulnerability index,0.3977
32,30,0.60345143,-0.65920454,39,documentation drafting,0.4863
32,31,-0.5177,-0.17413694,74,classify documents,0.5305
33,0,-1.1353655,-1.4124385,58,voice generated,0.5619
33,1,0.7552606,0.26412806,55,personalized fitness,0.5162
33,2,-0.43522725,1.5775044,81,monitoring bird,0.4654
33,3,-0.09442838,-0.5765228,87,document review,0.5532
33,4,-1.2898227,0.37583947,83,risk modeling,0.5399
33,5,1.6415889,-0.39562574,53,cholerae detection,0.4347
33,6,1.8348645,0.6388908,44,border security,0.4931
33,7,0.3082349,-1.3608155,41,chatbot project,0.5838
33,8,-0.8718693,-0.087022446,72,text analytics,0.5842
33,9,2.5806582,-0.5855841,55,medical device,0.5488
33,10,0.4632876,0.69959563,17,cybersecurity data,0.5165
33,11,-0.09797887,0.20449023,63,cbp data,0.4524
33,12,0.3597797,-0.62259233,67,generative assistant,0.5397
33,13,-1.5590012,-2.607607,16,microsoft copilot,0.5651
33,14,-1.3880175,-0.4723975,74,automated document,0.5909
33,15,1.5432829,1.0054227,74,intrusive inspection,0.5037
33,16,-1.0458014,1.5950807,45,forecast water,0.6381
33,17,-0.63115716,-1.4212229,30,translation service,0.5216
33,18,-2.4162917,0.49893647,5,occupation autocoder,0.6554
33,19,0.71772206,1.352413,60,cybersecurity alerts,0.5888
33,20,0.23558304,-0.15343261,70,development tool,0.521
33,21,-0.6482571,-0.720019,62,document intelligence,0.4715
33,22,1.0347495,-0.14721106,58,health data,0.455
33,23,-0.8380432,1.8150017,43,snow information,0.4303
33,24,-0.6924759,1.2527597,58,rainfall prediction,0.5193
33,25,-0.009512231,1.3718597,39,technology coralnet,0.5689
33,26,-0.15742123,-1.0351363,34,semantic search,0.4438
33,27,-0.48103938,-0.22109297,72,scanned financial,0.5065
33,28,-0.7547347,0.40885377,54,trade analytics,0.5826
33,29,0.18557414,-1.7916334,66,chatbot assistant,0.6179
33,30,0.6761497,-1.5383008,33,generative chatbot,0.6665
33,31,0.9214972,-0.60124594,40,clinical documentation,0.5126
33,32,-0.25966102,0.7071845,48,automated damage,0.4101
34,0,0.30568776,-1.3533883,42,chatbot project,0.5838
34,1,-0.9663709,1.2169673,17,forecast water,0.5212
34,2,1.8211945,0.6915092,53,border security,0.4931
34,3,-0.623746,-0.70961344,65,asylum program,0.4589
34,4,1.5082893,-0.28951448,79,health data,0.4452
34,5,-0.19611588,-0.3796192,79,document review,0.5643
34,6,0.005259015,1.3827875,37,technology coralnet,0.5767
34,7,-1.5590012,-2.607607,16,microsoft copilot,0.5651
34,8,2.5806582,-0.5855841,55,medical device,0.5488
34,9,-1.5127786,0.20151958,25,business intelligence,0.4723
34,10,0.76569426,-0.295446,43,health data,0.455
34,11,-0.63115716,-1.4212229,30,translation service,0.5216
34,12,0.04517456,0.30672586,62,automated testing,0.4318
34,13,0.7146658,1.3195112,65,cybersecurity alerts,0.5888
34,14,0.16761507,-0.66560334,75,planning assistant,0.4743
34,15,-0.938302,1.7355069,78,groundwater data,0.5649
34,16,-0.94048995,0.17159422,68,census operations,0.5019
34,17,-1.7128152,-0.36662978,13,automated document,0.5884
34,18,-1.1353655,-1.4124385,58,voice generated,0.5619
34,19,0.774146,0.2608387,57,personalized fitness,0.5162
34,20,-0.6387889,-0.15224533,95,data entry,0.5079
34,21,-1.3040276,-0.49454653,64,document processing,0.5719
34,22,0.18557414,-1.7916334,66,chatbot assistant,0.6179
34,23,0.32642797,-0.25379804,76,coding assistant,0.4868
34,24,-0.362274,0.508733,62,business intelligence,0.4959
34,25,-0.41976318,1.5804957,76,monitoring bird,0.4654
34,26,1.5140563,1.0132691,65,intrusive inspection,0.5037
34,27,-0.699018,1.3884172,45,improve wildlife,0.4627
34,28,-1.1680646,0.5453034,55,risk modeling,0.5399
34,29,0.966475,-0.6577514,35,data reporting,0.462
34,30,-0.17331041,-0.98886704,39,semantic search,0.4601
34,31,-0.36110803,1.0412598,24,satellite imagery,0.4507
34,32,-2.4162917,0.49893647,5,occupation autocoder,0.6554
34,33,0.6761497,-1.5383008,33,generative chatbot,0.6665
35,0,0.039911587,-1.0923833,35,user searches,0.5484
35,1,-1.8634384,0.3911269,21,occupation autocoder,0.6554
35,2,1.1850396,-0.2213368,48,health data,0.4264
35,3,-0.60002965,-0.7409517,58,servicenow predictive,0.5222
35,4,-0.46447808,1.6083128,73,wildlife monitoring,0.4923
35,5,-0.15579833,0.1336034,47,cbp data,0.4407
35,6,1.8348645,0.6388908,44,border security,0.4931
35,7,2.5806582,-0.5855841,55,medical device,0.5488
35,8,0.59627146,1.1266261,23,cybersecurity data,0.5781
35,9,-1.0645031,-1.5727057,31,voice functionality,0.6
35,10,-0.41819406,0.43331805,49,trade analytics,0.5826
35,11,0.21386953,-1.7197796,88,chatbot assistant,0.6179
35,12,-1.5181777,-0.4963337,49,document processing,0.5975
35,13,0.7837764,-0.44267082,56,entity recognition,0.5053
35,14,-1.079611,0.15417977,68,random forest,0.3996
35,15,0.25889277,0.43806955,32,software testing,0.444
35,16,-0.32235837,0.9198199,38,satellite imagery,0.4507
35,17,-0.7480371,1.306745,52,predictive analytics,0.4712
35,18,-1.5590012,-2.607607,16,microsoft copilot,0.5651
35,19,-0.9542837,1.7127373,81,groundwater data,0.5649
35,20,1.5432829,1.0054227,74,intrusive inspection,0.5037
35,21,0.37158582,-0.62004167,57,code assist,0.4989
35,22,-0.99267113,-0.35514966,61,text analytics,0.5842
35,23,1.652447,-0.3960271,51,cholerae detection,0.5093
35,24,0.0032137455,-0.748924,42,report generation,0.4859
35,25,-0.58154666,-0.13725409,70,classify documents,0.5305
35,26,0.6327097,-1.5106226,39,generative chatbot,0.6665
35,27,0.22173603,-0.18383689,69,code development,0.5275
35,28,-1.1269225,-1.2274169,35,video editors,0.59
35,29,-1.0620793,0.5411009,55,risk classification,0.4921
35,30,-0.5440917,-1.4667201,24,translations initiative,0.5319
35,31,0.73662126,1.4092195,46,cybersecurity alerts,0.5888
35,32,-0.093501955,1.4081506,44,remote sensing,0.4803
35,33,-0.21222617,-0.4833784,72,document review,0.5643
35,34,0.7797138,0.2510449,54,personalized fitness,0.5162
36,0,0.31633493,-1.558158,57,chatbot assistant,0.5522
36,1,-0.44904733,1.5752033,82,monitoring bird,0.4654
36,2,-0.8282909,-0.1413535,70,text analytics,0.5842
36,3,1.133148,-0.048281267,47,health data,0.455
36,4,1.8348645,0.6388908,44,border security,0.4931
36,5,-1.2220185,-1.2224376,26,adobe premiere,0.6571
36,6,0.3286384,0.0112690665,42,software code,0.5002
36,7,1.6415889,-0.39562574,53,cholerae detection,0.4347
36,8,0.7146658,1.3195112,65,cybersecurity alerts,0.5888
36,9,0.044804614,-0.33398384,64,query project,0.4845
36,10,-1.2406257,0.6603173,29,disaster response,0.4471
36,11,-1.5590012,-2.607607,16,microsoft copilot,0.5651
36,12,-0.31838575,0.49763322,39,business intelligence,0.4601
36,13,0.25393176,-0.75910425,76,generative assistant,0.5397
36,14,-0.79301643,0.34781525,44,trade analytics,0.5826
36,15,2.5806582,-0.5855841,55,medical device,0.5488
36,16,-0.63115716,-1.4212229,30,translation service,0.5216
36,17,-0.32871696,-0.645315,70,radiation data,0.4782
36,18,-0.79691565,1.3155061,53,predictive analytics,0.4712
36,19,-1.4537982,-0.46631312,62,automated document,0.5909
36,20,1.5432829,1.0054227,74,intrusive inspection,0.5037
36,21,-1.9666725,0.31393862,16,occupation autocoder,0.6554
36,22,-0.938302,1.7355069,78,groundwater data,0.5649
36,23,0.62879604,-0.3596678,55,documentation nlquery,0.4599
36,24,-0.0133280335,1.3889883,40,technology coralnet,0.5767
36,25,-1.1695826,0.252795,54,risk monitoring,0.5403
36,26,0.6525176,0.35717398,56,spectrum visualizations,0.4753
36,27,-0.45875266,-0.20724976,59,classify documents,0.5571
36,28,-1.06496,-1.5668142,32,voice functionality,0.6
36,29,-0.15018679,0.17296281,52,cbp data,0.4407
36,30,0.13188054,-1.8374249,44,careers bot,0.5905
36,31,-0.16679691,-1.0412809,32,semantic search,0.4438
36,32,1.0174328,-0.6629762,28,text analytics,0.5313
36,33,0.7032892,-1.5266365,29,generative chatbot,0.7072
36,34,-0.32800123,0.94677544,36,satellite imagery,0.4507
36,35,-0.8298146,-0.6581078,48,text analytics,0.4754
37,0,-0.22362645,-0.51254755,77,document review,0.5643
37,1,-0.44542915,1.6129779,74,monitoring bird,0.4654
37,2,1.0943513,-0.016854223,51,personalized fitness,0.5158
37,3,-0.6633214,-0.71809083,59,asylum program,0.4589
37,4,-1.069041,0.052147068,53,categorize comments,0.4748
37,5,2.5806582,-0.5855841,55,medical device,0.5488
37,6,0.15991487,-1.9164625,31,careers bot,0.5949
37,7,1.7243346,1.0196183,28,intrusive inspection,0.5037
37,8,0.73662126,1.4092195,46,cybersecurity alerts,0.5888
37,9,0.60019165,-0.22741005,65,software code,0.5229
37,10,-0.3658905,0.53272206,56,business intelligence,0.4959
37,11,-1.5590012,-2.607607,16,microsoft copilot,0.5651
37,12,1.6415889,-0.39562574,53,cholerae detection,0.4347
37,13,-1.1353655,-1.4124385,58,voice generated,0.5619
37,14,-1.2406257,0.6603173,29,disaster response,0.4471
37,15,-1.3880175,-0.4723975,74,automated document,0.5909
37,16,0.27574465,-1.1381699,19,hiv data,0.476
37,17,0.26170513,-1.6014931,63,chatbot assistant,0.5812
37,18,-0.95081276,1.7148622,82,groundwater data,0.5649
37,19,0.62716246,0.39817774,49,predict lightning,0.4728
37,20,-2.4162917,0.49893647,5,occupation autocoder,0.6554
37,21,-0.090464994,0.2008595,66,automated testing,0.4318
37,22,-0.6421018,-0.17030567,90,text analytics,0.578
37,23,1.8348645,0.6388908,44,border security,0.4931
37,24,-0.63115716,-1.4212229,30,translation service,0.5216
37,25,-0.37856257,1.1314186,35,imagery machine,0.49
37,26,-1.7623001,0.22984867,11,budget tracking,0.4808
37,27,0.272223,-0.68300873,72,generative assistant,0.5397
37,28,-0.98375875,0.36802778,59,protection analytics,0.4479
37,29,0.644449,1.1096393,20,cybersecurity data,0.5781
37,30,1.0006216,-0.6441328,32,text analytics,0.5062
37,31,0.12736358,-0.24980968,60,natural language,0.4484
37,32,-0.17919026,-1.0148745,34,semantic search,0.4601
37,33,1.4330775,0.9967819,46,maritime surveillance,0.5904
37,34,-0.764534,1.307468,49,predictive analytics,0.4712
37,35,0.69667804,-1.5303665,30,generative chatbot,0.6665
37,36,-0.0034916988,1.3865137,36,technology coralnet,0.5767
38,0,-1.069188,0.5316614,58,risk modeling,0.5399
38,1,0.07821495,-0.35235706,59,query project,0.4845
38,2,0.5421966,1.0294749,26,cybersecurity data,0.5397
38,3,1.6415889,-0.39562574,53,cholerae detection,0.4347
38,4,-1.1177046,-1.2273662,36,video editors,0.5937
38,5,0.1802107,-1.7952747,64,chatbot assistant,0.6179
38,6,-0.44793314,1.6031826,76,monitoring bird,0.4654
38,7,1.5432829,1.0054227,74,intrusive inspection,0.5037
38,8,-0.37338275,0.51650494,63,trade analytics,0.5826
38,9,-1.1004723,-0.47836572,35,data annotation,0.6278
38,10,-0.54995036,-1.5056694,21,translation service,0.5216
38,11,-0.86663246,-0.20197935,44,text analytics,0.5842
38,12,2.5806582,-0.5855841,55,medical device,0.5488
38,13,-1.5590012,-2.607607,16,microsoft copilot,0.5651
38,14,0.7505387,0.27459115,55,personalized fitness,0.5162
38,15,-0.69666773,1.2647349,65,rainfall prediction,0.5193
38,16,0.99456716,-0.6647252,30,text analytics,0.5062
38,17,-0.95081276,1.7148622,82,groundwater data,0.5649
38,18,-0.24944352,-0.49447638,64,document review,0.5643
38,19,-0.16120072,-1.0061681,37,semantic search,0.4601
38,20,1.8348645,0.6388908,44,border security,0.4931
38,21,-0.105965,1.3034239,50,imagery machine,0.4747
38,22,0.7151638,-1.535962,27,chatbots incorporating,0.6242
38,23,0.73191726,1.3979692,49,cybersecurity alerts,0.5888
38,24,-0.14744999,0.17244129,54,cbp data,0.4407
38,25,-1.0645031,-1.5727057,31,voice functionality,0.6
38,26,-0.60861135,-0.73813885,55,servicenow predictive,0.5222
38,27,0.3432388,-1.4760413,39,generative tools,0.5648
38,28,0.6622084,-0.31749347,49,entity recognition,0.499
38,29,-1.7815096,-0.3285744,9,inspection documents,0.4897
38,30,-1.4770262,-0.52222294,37,document processing,0.6091
38,31,1.1775471,-0.09132066,37,health data,0.4867
38,32,0.31994256,0.04867906,46,software code,0.5002
38,33,-1.6906717,0.35743642,16,business intelligence,0.4786
38,34,0.28009358,-0.75198007,76,generative assistant,0.5397
38,35,-2.4162917,0.49893647,5,occupation autocoder,0.6554
38,36,-1.0843667,0.16171561,60,random forest,0.3996
38,37,-0.55121654,-0.13295789,60,classify documents,0.5305
39,0,0.7146658,1.3195112,65,cybersecurity alerts,0.5888
39,1,0.08019177,-0.6285651,53,report generation,0.506
39,2,-1.2011949,0.5286076,54,risk modeling,0.5399
39,3,2.5806582,-0.5855841,55,medical device,0.5488
39,4,-0.84150803,1.8321064,39,environmental assessments,0.4422
39,5,-1.1353655,-1.4124385,58,voice generated,0.5619
39,6,1.8348645,0.6388908,44,border security,0.4931
39,7,0.1455104,-1.8926196,34,conversational chatbot,0.6121
39,8,0.71228427,-0.29087108,45,health data,0.455
39,9,-0.26764786,0.61895174,37,predicts accelerator,0.5333
39,10,-1.5022665,-0.48994386,52,document processing,0.5975
39,11,-0.5700501,-0.13389699,66,classify documents,0.5305
39,12,-1.5590012,-2.607607,16,microsoft copilot,0.5651
39,13,1.6415889,-0.39562574,53,cholerae detection,0.4347
39,14,-0.61625475,-0.7604917,49,classifications servicenow,0.5028
39,15,0.75727475,0.2703625,54,personalized fitness,0.5162
39,16,0.52675617,-1.3202753,38,generative tools,0.5804
39,17,-0.16943854,0.14264746,50,cbp data,0.4407
39,18,-0.40895882,1.6172311,61,monitoring bird,0.4654
39,19,-1.0520054,1.6023594,44,forecast water,0.6279
39,20,-0.63115716,-1.4212229,30,translation service,0.5216
39,21,1.5432829,1.0054227,74,intrusive inspection,0.5037
39,22,-0.15755957,-1.0212922,36,semantic search,0.4601
39,23,-1.0579927,0.11705116,60,random forest,0.4411
39,24,0.10184401,1.4450308,19,technology coralnet,0.5767
39,25,-2.4162917,0.49893647,5,occupation autocoder,0.6554
39,26,0.40599468,-0.6463773,49,code assist,0.4989
39,27,-0.70993346,1.487103,34,wildlife management,0.4297
39,28,1.2009839,-0.0874346,34,vulnerability index,0.3977
39,29,-0.6777285,0.40169278,40,trade analytics,0.5826
39,30,-1.7623001,0.22984867,11,budget tracking,0.4808
39,31,-0.67730427,1.1708494,39,rainfall prediction,0.5193
39,32,0.2263864,0.43704978,30,software testing,0.444
39,33,-0.25905257,-0.48848292,69,radiation data,0.4782
39,34,1.028568,-0.6610511,27,report text,0.4654
39,35,-0.21401364,1.2322077,41,imagery machine,0.49
39,36,0.23264718,-0.16148809,63,code development,0.5547
39,37,-0.962574,-0.3624803,61,text analytics,0.5842
39,38,0.32697606,-1.6218475,68,chatbot assistant,0.6291
40,0,0.005259015,1.3827875,37,technology coralnet,0.5767
40,1,-1.06496,-1.5668142,32,voice functionality,0.6
40,2,0.26267606,-0.6687234,63,generative assistant,0.5397
40,3,1.8348645,0.6388908,44,border security,0.4931
40,4,-1.105729,-0.48192686,36,data annotation,0.6278
40,5,1.6477034,-0.3941244,52,cholerae detection,0.4347
40,6,0.18557414,-1.7916334,66,chatbot assistant,0.6179
40,7,-0.19023111,0.48920268,40,data warehouse,0.4823
40,8,-0.78908634,1.3176382,55,predictive analytics,0.4712
40,9,-1.1499233,0.37755442,85,risk modeling,0.5399
40,10,2.5806582,-0.5855841,55,medical device,0.5488
40,11,0.69128263,-0.2970326,49,health data,0.455
40,12,1.5432829,1.0054227,74,intrusive inspection,0.5037
40,13,-0.57422405,-0.6638011,47,asylum program,0.4589
40,14,0.6615103,1.1023233,19,cybersecurity data,0.5781
40,15,-1.8634384,0.3911269,21,occupation autocoder,0.6554
40,16,0.35804343,0.025552703,36,software code,0.5002
40,17,-1.5590012,-2.607607,16,microsoft copilot,0.5651
40,18,0.6761497,-1.5383008,33,generative chatbot,0.6665
40,19,-0.8867315,-0.11875272,62,text analytics,0.5842
40,20,1.2189146,-0.084451005,30,vulnerability index,0.3977
40,21,-0.16829021,-1.0347201,33,semantic search,0.4438
40,22,0.54502153,0.43614963,34,automated alerts,0.4636
40,23,0.30568776,-1.3533883,42,chatbot project,0.5838
40,24,-0.6777285,0.40169278,40,trade analytics,0.5826
40,25,-0.43839,1.5760816,83,monitoring bird,0.4654
40,26,0.10267394,-0.25422123,51,language processing,0.4723
40,27,-0.938302,1.7355069,78,groundwater data,0.5649
40,28,-0.7660452,-1.0285785,22,google authenticator,0.6349
40,29,-0.15804248,-0.558646,68,document review,0.5532
40,30,1.138203,-0.5430564,19,healthcare documentation,0.4177
40,31,-0.5064722,-0.17600179,68,classify documents,0.5305
40,32,-0.54995036,-1.5056694,21,translation service,0.5216
40,33,0.73662126,1.4092195,46,cybersecurity alerts,0.5888
40,34,-1.2220185,-1.2224376,26,adobe premiere,0.6571
40,35,-0.32800123,0.94677544,36,satellite imagery,0.4507
40,36,-1.5420853,-0.4816189,45,document processing,0.6091
40,37,0.7601412,-0.76787853,20,data reporting,0.4787
40,38,0.8654729,0.2235938,32,fitness application,0.5069
40,39,-0.17783697,0.12102904,41,cbp data,0.4407
